Country,OverallCDI,OverallCV,OverallPC,OverallPop08,WeatherCDI,WeatherCV,WeatherPC,SeaCDI,SeaCV,SeaPC,SeaPop08,AgCDI,AgCV,AgPC,AgPop08,Income_per_cap,KKM_score,Area,Island,Sm_Island,Region,WBRegion,Subregion,ISO3,IncomeStatus,WBLendingClass
Afghanistan,31.030,14.833,20.049,27658.89,0.72944,1.00701,0.48418,0.00000,0.00000,0.00000,,41.100,18.288,26.845,21009.69,806,-1.58,652230,0,0,Asia,SAS,Western Asia,AFG,Low Income,IDA
Albania,7.857,0.266,8.502,2984.12,0.02174,0.00212,0.02416,11.46000,1.21232,9.35678,115.54,14.310,0.451,15.654,1589.94,6152,0.16,28748,0,0,Europe,ECA,Eastern Europe,ALB,Lower Middle Income,IBRD
Algeria,20.259,1.060,14.357,33769.67,0.01273,0.00192,0.00926,2.57000,0.42033,1.37326,164.85,59.900,2.918,42.916,11745.09,6625,-0.79,2381741,0,0,Africa,MNA,North Africa,DZA,Upper Middle Income,IBRD
American Samoa,2.675,0.067,2.957,64.83,0.04788,0.00346,0.05437,6.63000,0.51891,5.52684,1.41,33.360,0.778,37.278,4.98,8107,0.36,199,1,1,Oceania,EAP,Pacific Islands,ASM,Upper Middle Income,NC
Andorra,0.896,0.006,1.072,82.63,0.00079,0.00001,0.00097,0.00000,0.00000,0.00000,,8.320,0.049,10.065,9.16,29154,1.35,468,0,0,Europe,ECA,Western Europe,ADO,High Income Non OECD,NC
Angola,18.321,1.581,13.176,12531.36,0.12652,0.03154,0.09348,6.97000,1.88201,3.78318,267.43,42.930,3.449,31.212,5426.08,3940,-0.94,1246700,0,0,Africa,SSA,Central Africa,AGO,Lower Middle Income,IDA
Anguilla,28.642,0.497,43.219,14.11,0.01118,0.00056,0.01733,35.77000,1.94043,40.72840,1.53,65.390,1.056,99.750,5.52,8040,1.35,91,1,1,Latin America & Caribbean,LCR,Caribbean Islands,AIA,Upper Middle Income,NC
Antigua and Barbuda,45.815,1.336,58.418,84.52,0.10554,0.00889,0.13825,22.87000,2.08558,22.00811,5.88,65.390,1.775,84.292,58.78,5855,0.61,443,1,1,Latin America & Caribbean,LCR,Caribbean Islands,ATG,High Income Non OECD,IBRD
Argentina,2.142,0.066,1.468,40482.00,0.66234,0.05864,0.46650,4.31000,0.41373,2.23239,610.52,18.470,0.527,12.801,3238.56,11791,-0.65,2780400,0,0,Latin America & Caribbean,LCR,Southern South America,ARG,Upper Middle Income,IBRD
Armenia,4.763,0.183,5.700,2968.59,0.00277,0.00031,0.00340,0.00000,0.00000,0.00000,,13.560,0.484,16.409,1072.85,4803,0.32,29743,0,0,Europe,ECA,Eastern Europe,ARM,Lower Middle Income,Blend
Aruba,36.784,0.606,45.505,101.54,0.02474,0.00118,0.03144,31.56000,1.62591,29.45879,9.80,65.390,1.003,81.780,54.04,10766,0.85,180,1,1,Latin America & Caribbean,LCR,Caribbean Islands,ABW,High Income Non OECD,NC
Australia,5.065,0.024,6.556,21007.31,0.52016,0.00707,0.69170,7.64000,0.11246,7.46485,852.72,38.940,0.171,50.951,2365.42,35818,1.78,7741220,0,0,Oceania,EAP,AustraliaNZ,AUS,High Income OECD,NC
Austria,2.656,0.013,3.322,8205.53,0.00237,0.00003,0.00305,0.00000,0.00000,0.00000,,8.320,0.038,10.521,2694.70,35632,1.64,83871,0,0,Europe,ECA,Western Europe,AUT,High Income OECD,NC
Azerbaijan,6.995,0.343,6.444,8177.72,0.00243,0.00034,0.00230,0.00000,0.00000,0.00000,,14.980,0.684,13.946,3931.85,5144,-0.32,86600,0,0,Asia,ECA,Western Asia,AZE,Lower Middle Income,Blend
"Bahamas, The",36.099,0.639,47.838,304.73,0.05334,0.00273,0.07262,100.00000,5.53961,100.00000,80.62,65.390,1.078,87.605,49.67,9212,0.99,13880,1,1,Latin America & Caribbean,LCR,Caribbean Islands,BHS,High Income Non OECD,NC
Bahrain,33.805,0.216,33.944,719.17,0.00189,0.00003,0.00195,99.11000,1.98254,75.09415,215.13,44.930,0.267,45.604,82.56,35790,0.88,741,1,1,Asia,MNA,Middle East,BHR,High Income Non OECD,NC
Bangladesh,53.377,10.986,50.886,151289.98,25.48546,15.14901,24.95955,31.26000,20.12272,22.48662,15312.71,36.110,6.918,34.798,110229.89,1172,-0.82,143998,0,0,Asia,SAS,Southern Asia,BGD,Low Income,IDA
Barbados,38.289,1.024,51.315,283.50,0.05708,0.00441,0.07859,2.56000,0.21414,2.58919,2.85,65.390,1.628,88.597,170.55,6011,0.77,430,1,1,Latin America & Caribbean,LCR,Caribbean Islands,BRB,High Income Non OECD,NC
Belarus,3.497,0.181,1.799,9685.77,0.00159,0.00024,0.00084,0.00000,0.00000,0.00000,,13.560,0.655,7.054,2570.60,9847,-1.24,207600,0,0,Europe,ECA,Eastern Europe,BLR,Upper Middle Income,IBRD
Belgium,0.380,0.002,0.460,10403.95,0.00248,0.00004,0.00308,4.99000,0.08498,4.55922,196.18,11.150,0.056,13.641,274.66,33566,1.48,30528,0,0,Europe,ECA,Western Europe,BEL,High Income OECD,NC
Belize,22.251,0.938,18.959,301.27,0.91385,0.11131,0.79992,33.76000,4.45333,21.70594,26.32,39.430,1.548,33.968,145.51,6583,-0.4,22966,0,0,Latin America & Caribbean,LCR,Central America,BLZ,Lower Middle Income,IBRD
Benin,31.780,4.989,35.435,8532.55,0.08755,0.03969,0.10028,22.46000,11.02513,18.89384,243.20,54.410,7.950,61.330,5017.14,1273,-0.46,112622,0,0,Africa,SSA,Coastal West Africa,BEN,Low Income,IDA
Bermuda,5.184,0.025,5.823,67.39,0.00746,0.00010,0.00861,41.90000,0.63282,35.51857,8.57,65.390,0.294,74.261,0.00,41423,1.35,54,1,1,Latin America & Caribbean,NAM,Caribbean Islands,BMU,High Income Non OECD,NC
Bhutan,22.167,1.783,16.579,682.32,0.03748,0.00871,0.02880,0.00000,0.00000,0.00000,,34.780,2.604,26.295,447.06,4032,-0.86,38394,0,0,Asia,SAS,Southern Asia,BTN,Lower Middle Income,IDA
Bolivia,28.537,2.564,19.653,9601.26,4.75460,1.23386,3.36383,0.00000,0.00000,0.00000,,71.550,5.985,49.813,3304.75,3988,-1.02,1098581,0,0,Latin America & Caribbean,LCR,Andean South America,BOL,Lower Middle Income,Blend
Bosnia and Herzegovina,7.321,0.273,6.786,4590.31,0.01660,0.00179,0.01581,0.00000,0.00000,0.00000,0.26,14.310,0.497,13.409,2412.67,6716,-0.19,51197,0,0,Europe,ECA,Eastern Europe,BIH,Upper Middle Income,Blend
Botswana,30.651,0.488,32.763,1952.05,0.01519,0.00070,0.01668,0.00000,0.00000,0.00000,,78.040,1.157,84.328,789.02,13293,0.52,581730,0,0,Africa,SSA,Southern Africa,BWA,Upper Middle Income,IBRD
Brazil,5.344,0.132,5.449,196342.59,0.82388,0.05865,0.86287,2.76000,0.21245,2.12007,1708.46,32.280,0.741,33.269,28312.60,9081,0.19,8514877,0,0,Latin America & Caribbean,LCR,Northern South America,BRA,Upper Middle Income,IBRD
British Virgin Islands,31.753,0.331,31.557,24.04,0.00817,0.00025,0.00835,48.46000,1.57911,36.34528,3.52,65.390,0.634,65.698,9.41,22216,0.58,151,1,1,Latin America & Caribbean,LCR,Caribbean Islands,VGB,High Income Non OECD,NC
Brunei Darussalam,10.370,0.048,9.474,381.37,0.01409,0.00019,0.01322,15.03000,0.21801,10.35967,21.80,38.940,0.168,35.959,96.03,55381,0.83,5765,0,0,Asia,EAP,Southeast Asia,BRN,High Income Non OECD,NC
Bulgaria,4.019,0.070,4.823,7262.67,0.00277,0.00014,0.00341,0.00000,0.00000,0.00000,54.23,14.310,0.231,17.360,2098.91,10612,0.75,110879,0,0,Europe,ECA,Eastern Europe,BGR,Upper Middle Income,IBRD
Burkina Faso,31.625,5.103,38.378,15264.74,0.03619,0.01687,0.04512,0.00000,0.00000,0.00000,,40.430,6.074,49.604,12278.95,1117,-0.32,274200,0,0,Africa,SSA,Sahelian Africa,BFA,Low Income,IDA
Burundi,58.446,41.247,57.736,9139.31,1.13771,2.31882,1.15458,0.00000,0.00000,0.00000,,65.890,43.286,65.803,8188.83,326,-1.18,27830,0,0,Africa,SSA,Central Africa,BDI,Low Income,IDA
Cambodia,35.349,4.718,37.691,13957.01,0.96872,0.37338,1.06109,3.85000,1.60861,3.10051,204.62,45.090,5.602,48.605,10947.88,1581,-0.47,181035,0,0,Asia,EAP,Southeast Asia,KHM,Low Income,IDA
Cameroon,14.098,1.642,13.020,18467.69,0.00372,0.00125,0.00353,4.26000,1.55189,2.96828,529.46,33.280,3.609,31.070,7985.43,2156,-0.66,475440,0,0,Africa,SSA,Central Africa,CMR,Lower Middle Income,IDA
Canada,1.140,0.005,1.424,33212.70,0.41237,0.00567,0.52910,4.47000,0.06655,4.21410,569.73,3.490,0.015,4.412,6509.69,36975,1.66,9984670,0,0,North America,NAM,North America,CAN,High Income OECD,NC
Cape Verde,21.838,1.523,25.560,493.62,0.01072,0.00216,0.01288,12.54000,2.73600,11.07843,19.78,54.410,3.532,64.382,199.32,2708,-0.02,4033,1,1,Africa,SSA,Atlantic Islands,CPV,Lower Middle Income,Blend
Cayman Islands,10.641,0.095,12.567,47.86,0.01010,0.00026,0.01225,60.28000,1.67621,53.71597,8.69,65.390,0.541,78.069,0.00,21138,1.1,264,1,1,Latin America & Caribbean,LCR,Caribbean Islands,CYM,High Income Non OECD,NC
Central African Republic,59.724,24.790,48.102,4641.32,0.07131,0.08549,0.05900,0.00000,0.00000,0.00000,,100.000,38.639,81.423,2850.70,711,-1.28,622984,0,0,Africa,SSA,Central Africa,CAF,Low Income,IDA
Chad,40.422,8.999,28.660,10111.34,0.01698,0.01091,0.01236,0.00000,0.00000,0.00000,,56.740,11.758,40.670,7413.63,1550,-1.26,1284000,0,0,Africa,SSA,Sahelian Africa,TCD,Low Income,IDA
Chile,4.746,0.051,6.961,16454.14,0.18074,0.00563,0.27232,1.26000,0.04237,1.39010,164.95,40.600,0.408,60.197,1902.10,13401,1.58,756102,0,0,Latin America & Caribbean,LCR,Southern South America,CHL,Upper Middle Income,IBRD
China,100.000,4.879,97.342,1317065.75,100.00000,14.09098,100.00000,6.56000,1.00101,4.81818,23733.21,4.990,0.227,4.912,749410.44,4842,-0.22,9596961,0,0,Asia,EAP,China,CHN,Lower Middle Income,IBRD
Colombia,13.443,0.427,14.886,43141.11,3.97477,0.36481,4.52155,2.85000,0.28367,2.38459,341.49,38.600,1.142,43.213,11000.98,6369,0.24,1138914,0,0,Latin America & Caribbean,LCR,Andean South America,COL,Upper Middle Income,IBRD
Comoros,23.711,8.904,15.522,731.78,0.03368,0.03653,0.02265,10.81000,12.69495,5.33898,26.12,33.360,11.662,22.078,526.29,1010,-1.51,2235,1,1,Oceania,SSA,Indian Ocean Islands,COM,Low Income,IDA
"Congo, Dem. Rep.",15.722,15.106,13.688,66514.51,0.03382,0.09386,0.03025,0.02000,0.06640,0.01452,3.30,24.460,21.877,21.529,43926.18,279,-1.43,2344858,0,0,Africa,SSA,Central Africa,ZAR,Low Income,IDA
"Congo, Rep.",37.730,4.228,24.102,3905.01,0.05558,0.01799,0.03648,8.77000,3.07230,4.22521,58.12,100.000,10.432,64.580,1509.68,3500,-1.19,342000,0,0,Africa,SSA,Central Africa,COG,Lower Middle Income,IDA
Cook Islands,25.815,0.736,25.886,12.27,0.01487,0.00122,0.01532,59.16000,5.27158,44.76168,2.19,33.360,0.885,33.819,5.88,8012,0.09,236,1,1,Oceania,EAP,Pacific Islands,COK,Upper Middle Income,NC
Costa Rica,15.551,0.331,17.413,4393.24,1.46852,0.09025,1.68924,3.82000,0.25429,3.22814,62.53,39.430,0.781,44.639,1614.08,9395,0.47,51100,0,0,Latin America & Caribbean,LCR,Central America,CRI,Upper Middle Income,IBRD
Cote d'Ivoire,12.726,2.052,10.645,20179.60,0.00190,0.00089,0.00163,29.39000,14.82037,18.55009,627.25,23.790,3.571,20.121,10335.99,1754,-0.93,322463,0,0,Africa,SSA,Coastal West Africa,CIV,Lower Middle Income,IDA
Croatia,5.955,0.088,6.205,4491.54,0.00300,0.00013,0.00322,1.77000,0.08141,1.38884,39.61,14.310,0.196,15.071,1918.79,14821,0.5,56594,0,0,Europe,ECA,Eastern Europe,HRV,High Income Non OECD,IBRD
Cuba,16.210,4.182,9.056,11423.95,0.16820,0.12532,0.09653,14.81000,11.95406,6.24532,467.02,65.390,15.704,36.932,2780.59,1783,-1.59,110860,1,0,Latin America & Caribbean,LCR,Caribbean Islands,CUB,Upper Middle Income,NC
Cyprus,2.588,0.020,3.117,1066.82,0.00332,0.00007,0.00411,6.85000,0.16172,6.22846,24.51,8.320,0.058,10.129,321.11,24341,1.25,9251,1,1,Europe,ECA,Western Europe,CYP,High Income Non OECD,NC
Czech Republic,2.146,0.019,2.510,10220.91,0.00445,0.00011,0.00535,0.00000,0.00000,0.00000,,8.320,0.067,9.839,2708.54,21889,1.09,78867,0,0,Europe,ECA,Eastern Europe,CZE,High Income OECD,NC
Denmark,0.086,0.000,0.115,5484.72,0.00082,0.00001,0.00112,28.57000,0.41234,28.57141,480.73,-18.140,-0.078,-24.300,730.57,35492,1.86,43094,0,0,Europe,ECA,Western Europe,DNK,High Income OECD,NC
Djibouti,24.965,3.221,22.383,709.20,3.12689,1.16514,2.87999,78.09000,31.51241,52.82985,173.19,27.620,3.317,25.035,90.07,2017,-0.75,23200,0,0,Africa,SSA,East Africa,DJI,Lower Middle Income,IDA
Dominica,17.045,1.257,22.032,72.51,0.41413,0.08822,0.54991,4.64000,1.06965,4.52231,1.27,65.390,4.490,85.448,18.91,2270,0.16,751,1,1,Latin America & Caribbean,LCR,Caribbean Islands,DMA,Upper Middle Income,Blend
Dominican Republic,19.953,0.875,18.723,9558.18,0.24598,0.03114,0.23712,4.03000,0.55178,2.85017,92.80,65.390,2.668,62.034,2961.13,5636,-0.24,48670,1,0,Latin America & Caribbean,LCR,Caribbean Islands,DOM,Upper Middle Income,IBRD
Ecuador,16.475,0.995,9.507,14354.47,0.15460,0.02696,0.09166,6.97000,1.31658,3.03542,645.02,47.920,2.694,27.957,4940.81,7357,-1.14,283561,0,0,Latin America & Caribbean,LCR,Andean South America,ECU,Lower Middle Income,IBRD
"Egypt, Arab Rep.",-9.417,-0.440,-9.284,77266.69,0.00023,0.00003,0.00024,28.80000,4.20920,21.43083,2881.41,-18.800,-0.818,-18.741,44258.36,4979,-0.17,1001450,0,0,Africa,MNA,North Africa,EGY,Lower Middle Income,IBRD
El Salvador,15.365,0.505,17.650,6006.45,0.25856,0.02455,0.30513,2.93000,0.30114,2.53859,130.43,39.430,1.207,45.795,2360.53,5888,0.31,21041,0,0,Latin America & Caribbean,LCR,Central America,SLV,Lower Middle Income,IBRD
Equatorial Guinea,58.940,1.395,22.808,616.46,0.00142,0.00010,0.00057,4.09000,0.30259,1.19332,9.42,100.000,2.204,39.121,373.70,30517,-1.37,28051,1,0,Africa,SSA,Coastal West Africa,GNQ,High Income Non OECD,IBRD
Eritrea,26.562,23.876,11.144,5502.03,0.29919,0.77668,0.12895,1.33000,3.74446,0.42166,27.79,34.110,28.541,14.467,4362.01,721,-2.13,117600,0,0,Africa,SSA,East Africa,ERI,Low Income,IDA
Estonia,4.628,0.040,6.215,1307.60,0.00249,0.00006,0.00344,13.48000,0.36534,13.65653,60.27,13.560,0.109,18.410,399.34,18563,1.47,45228,0,0,Europe,ECA,Eastern Europe,EST,High Income Non OECD,NC
Ethiopia,47.827,16.962,50.485,82544.84,6.01581,6.16165,6.52354,0.00000,0.00000,0.00000,,52.080,17.194,55.576,68512.22,600,-0.86,1104300,0,0,Africa,SSA,East Africa,ETH,Low Income,IDA
Faeroe Islands,19.131,0.080,21.467,48.67,0.00696,0.00008,0.00802,6.70000,0.08712,5.67336,1.07,33.360,0.129,37.844,28.51,48200,1.44,1393,1,1,Oceania,ECA,Atlantic Islands,FRO,High Income Non OECD,NC
Falkland Islands,12.742,0.059,14.650,3.00,0.00331,0.00004,0.00390,25.93000,0.37472,22.49930,0.25,33.360,0.143,38.777,0.99,42100,1.44,12173,1,1,Oceania,LCR,Atlantic Islands,FLK,High Income Non OECD,NC
Fiji,16.820,1.060,13.337,860.53,0.11671,0.02125,0.09507,20.29000,4.00196,12.14285,55.44,33.360,1.958,26.743,409.96,4798,-0.68,18274,1,1,Oceania,EAP,Pacific Islands,FJI,Upper Middle Income,IBRD
Finland,-6.417,-0.035,-8.055,5244.75,0.00138,0.00002,0.00178,2.89000,0.04930,2.73715,86.20,-18.140,-0.092,-23.013,1924.82,32057,1.58,338145,0,0,Europe,ECA,Western Europe,FIN,High Income OECD,NC
France,2.566,0.016,2.942,64057.79,0.05119,0.00090,0.06030,3.92000,0.07473,3.38921,1085.73,11.150,0.063,12.923,14502.68,31961,1.25,643427,0,0,Europe,ECA,Western Europe,FRA,High Income OECD,NC
French Guians,12.475,0.122,13.687,218.93,0.01136,0.00032,0.01281,8.11000,0.24836,6.71330,7.59,42.680,0.389,47.339,64.38,20972,0.85,83534,0,0,Latin America & Caribbean,LCR,Northern South America,GUF,High Income Non OECD,NC
French Polynesia,16.208,0.415,11.864,283.02,0.05021,0.00371,0.03775,12.77000,1.02191,7.05530,11.16,33.360,0.794,24.688,136.87,13062,-0.46,4167,1,1,Oceania,EAP,Pacific Islands,PYF,High Income Non OECD,NC
Gabon,18.487,0.468,12.114,1485.83,0.00397,0.00029,0.00267,35.48000,2.81266,17.54581,170.42,100.000,2.359,66.243,222.28,15074,-0.65,267667,0,0,Africa,SSA,Central Africa,GAB,Upper Middle Income,IBRD
"Gambia, The",23.131,3.894,26.575,1732.08,0.05184,0.02521,0.06119,3.70000,1.95014,3.21082,24.20,54.410,8.527,63.196,754.84,1144,-0.44,11295,0,0,Africa,SSA,Coastal West Africa,GMB,Low Income,IDA
Georgia,6.380,0.246,8.617,4630.84,0.00686,0.00076,0.00952,5.93000,0.71396,6.04549,119.50,13.560,0.486,18.517,2188.54,4134,0.59,69700,0,0,Europe,ECA,Eastern Europe,GEO,Lower Middle Income,Blend
Germany,1.310,0.007,1.588,82369.55,0.00320,0.00005,0.00398,4.62000,0.08155,4.22619,1316.50,4.830,0.025,5.911,21712.61,32342,1.46,357022,0,0,Europe,ECA,Western Europe,DEU,High Income OECD,NC
Ghana,11.408,1.384,15.934,23434.57,0.02578,0.00903,0.03699,5.22000,1.98075,5.50333,345.88,23.290,2.630,32.893,11712.60,1255,0.08,238533,0,0,Africa,SSA,Coastal West Africa,GHA,Low Income,IDA
Gibraltar,4.506,0.022,5.244,28.71,0.00037,0.00001,0.00045,29.19000,0.44718,25.63288,2.58,8.320,0.038,9.788,6.94,39119,1.44,7,0,0,Europe,WEU,Western Europe,GIB,High Income OECD,NC
Greece,5.189,0.038,5.235,10722.82,0.00846,0.00018,0.00877,8.95000,0.20635,6.81625,326.67,12.980,0.089,13.236,4181.90,30877,0.81,131957,0,0,Europe,ECA,Western Europe,GRC,High Income OECD,NC
Greenland,19.441,0.160,25.529,57.56,0.01768,0.00042,0.02385,61.35000,1.57656,60.79031,13.61,33.360,0.255,44.287,9.49,20124,1.44,2166086,1,0,Oceania,ECA,Atlantic Islands,GRL,High Income Non OECD,NC
Grenada,44.246,2.755,58.961,106.56,0.28956,0.05207,0.39639,3.33000,0.64918,3.35181,1.31,65.390,3.790,88.092,73.69,2593,0.31,344,1,1,Latin America & Caribbean,LCR,Caribbean Islands,GRD,Upper Middle Income,Blend
Guadeloupe,26.466,0.844,34.055,462.57,0.06601,0.00608,0.08726,22.61000,2.25661,21.95575,32.58,65.390,1.942,85.062,181.02,5290,0.58,1751,1,1,Latin America & Caribbean,LCR,Caribbean Islands,GLP,Upper Middle Income,NC
Guam,2.394,0.031,2.532,175.99,0.03463,0.00130,0.03762,6.67000,0.27026,5.32163,3.92,33.360,0.402,35.664,12.04,16560,0.61,546,1,1,Oceania,EAP,Pacific Islands,GUM,High Income Non OECD,NC
Guatemala,20.029,0.885,20.034,13002.21,0.34041,0.04345,0.34979,1.04000,0.14311,0.78141,50.46,39.430,1.622,39.876,6685.73,5174,-0.12,108889,0,0,Latin America & Caribbean,LCR,Central America,GTM,Lower Middle Income,IBRD
Guernsey,5.216,0.022,5.880,64.10,0.00044,0.00001,0.00051,33.18000,0.44255,28.22156,6.49,8.320,0.033,9.480,15.51,46726,1.44,78,1,1,Europe,ECA,Western Europe,GGY,High Income OECD,NC
Guinea,34.929,8.796,27.835,9806.51,0.01353,0.00984,0.01108,6.27000,4.94136,3.77247,434.74,54.410,12.755,43.833,6429.15,1189,-1.15,245857,0,0,Africa,SSA,Coastal West Africa,GIN,Low Income,IDA
Guinea-Bissau,39.100,21.078,35.048,1503.18,0.04242,0.06603,0.03906,22.54000,38.00329,15.24580,136.13,54.410,27.303,49.305,1054.63,481,-1.22,36125,0,0,Africa,SSA,Coastal West Africa,GNB,Low Income,IDA
Guyana,34.698,2.465,30.655,758.06,0.22409,0.04598,0.20338,41.22000,9.15809,27.47785,90.75,42.680,2.822,38.119,542.92,3735,-0.55,214969,0,0,Latin America & Caribbean,LCR,Northern South America,GUY,Lower Middle Income,IDA
Haiti,34.680,6.965,31.483,9639.08,0.65812,0.38174,0.61377,9.94000,6.24273,6.80770,277.66,65.390,12.226,60.013,5124.13,1274,-0.89,27750,1,0,Latin America & Caribbean,LCR,Caribbean Islands,HTI,Low Income,IDA
Honduras,25.701,1.651,25.884,7675.85,5.82548,1.08061,6.02731,5.97000,1.19846,4.53378,106.00,39.430,2.358,40.151,4000.65,3527,-0.27,112090,0,0,Latin America & Caribbean,LCR,Central America,HND,Lower Middle Income,IDA
"Hong Kong SAR, China",14.259,0.057,19.089,7018.64,14.34621,0.16544,19.73067,10.13000,0.12652,10.23386,231.81,4.990,0.019,6.756,0.00,40536,2,1104,0,0,Asia,EAP,China,HKG,High Income Non OECD,NC
Hungary,2.635,0.025,3.338,10020.48,0.00941,0.00025,0.01224,0.00000,0.00000,0.00000,,8.320,0.072,10.653,3256.66,18462,1.26,93028,0,0,Europe,ECA,Eastern Europe,HUN,High Income OECD,NC
Iceland,3.668,0.022,3.983,304.37,0.01641,0.00028,0.01831,18.43000,0.34491,15.09747,19.46,33.360,0.186,36.622,23.56,34799,1.12,103000,1,0,Oceania,ECA,Atlantic Islands,ISL,High Income OECD,NC
India,90.783,7.450,100.000,1140566.25,49.75595,11.79169,56.30435,5.44000,1.39649,4.52260,20995.28,61.900,4.728,68.928,803642.94,2475,-0.21,3287263,0,0,Asia,SAS,Southern Asia,IND,Lower Middle Income,Blend
Indonesia,18.000,1.154,18.137,237512.36,3.38198,0.62604,3.50075,13.17000,2.64055,10.01476,12502.90,29.780,1.777,30.339,115288.51,3532,-0.27,1904569,0,0,Asia,EAP,Southeast Asia,IDN,Lower Middle Income,IBRD
"Iran, Islamic Rep.",14.961,1.031,5.953,75025.36,0.22932,0.04563,0.09374,1.53000,0.33070,0.46076,397.31,48.090,3.084,19.344,23663.00,10105,-1.63,1648195,0,0,Asia,MNA,Western Asia,IRN,Lower Middle Income,IBRD
Iraq,22.205,2.698,15.595,28221.44,0.02079,0.00730,0.01500,0.00000,0.00000,0.00000,26.02,68.390,7.735,48.555,9425.96,2877,-1.09,438317,0,0,Asia,MNA,Middle East,IRQ,Lower Middle Income,IBRD
Ireland,3.488,0.015,4.622,4517.71,0.00167,0.00002,0.00228,10.39000,0.13935,10.39455,162.15,8.320,0.033,11.146,1746.55,38226,1.91,70273,0,0,Europe,ECA,Western Europe,IRL,High Income OECD,NC
Isle of Man,16.189,0.084,19.127,82.20,0.01111,0.00017,0.01349,8.90000,0.14470,7.93459,2.37,33.360,0.161,39.847,40.41,36193,1.44,572,1,1,Oceania,ECA,Atlantic Islands,IMY,High Income Non OECD,NC
Israel,3.846,0.029,4.549,7112.36,0.00100,0.00002,0.00121,6.84000,0.16358,6.10738,220.76,44.930,0.320,53.709,593.17,24564,1.2,22072,0,0,Asia,MNA,Middle East,ISR,High Income Non OECD,NC
Italy,4.223,0.031,4.495,58145.32,0.00310,0.00007,0.00339,11.18000,0.25431,8.98453,2155.20,12.310,0.083,13.251,18559.98,29329,0.95,301340,0,0,Europe,ECA,Western Europe,ITA,High Income OECD,NC
Jamaica,30.015,0.763,33.343,2804.33,0.09316,0.00683,0.10631,11.96000,0.95058,10.02784,63.85,65.390,1.546,73.436,1309.62,7941,0.36,10991,1,1,Latin America & Caribbean,LCR,Caribbean Islands,JAM,Upper Middle Income,IBRD
Japan,8.852,0.055,10.071,127288.41,0.60925,0.01085,0.71210,40.86000,0.78780,35.08268,16587.78,9.480,0.054,10.909,42667.07,31931,1.23,377915,1,0,Asia,EAP,Northeast Asia,JPN,High Income OECD,NC
Jersey,4.804,0.017,5.181,91.63,0.00042,0.00000,0.00047,30.98000,0.34123,25.21091,8.68,8.320,0.027,9.071,22.17,59717,1.44,116,1,1,Europe,ECA,Western Europe,JEY,High Income OECD,NC
Jordan,9.417,0.380,11.520,6132.63,0.00117,0.00014,0.00147,0.00000,0.00000,0.00000,0.63,44.930,1.688,55.555,1323.42,4444,0.34,89342,0,0,Asia,MNA,Middle East,JOR,Lower Middle Income,IBRD
Kazakhstan,-7.741,-0.237,-6.232,15340.53,0.00855,0.00076,0.00707,0.00000,0.00000,0.00000,,-18.970,-0.541,-15.439,6452.23,9707,-0.37,2724900,0,0,Asia,ECA,Western Asia,KAZ,Upper Middle Income,IBRD
Kenya,11.866,1.377,15.183,37953.84,5.16888,1.73222,6.79460,0.78000,0.28273,0.75218,166.02,8.990,0.971,11.623,29755.81,1459,-0.07,580367,0,0,Africa,SSA,East Africa,KEN,Low Income,IDA
Kiribati,21.949,10.050,19.003,96.86,0.19703,0.26054,0.17525,34.64000,49.60990,22.63220,10.25,33.360,14.219,29.200,54.40,591,-1.22,811,1,1,Oceania,EAP,Pacific Islands,KIR,Lower Middle Income,IDA
"Korea, Dem. Rep.",5.362,2.320,1.551,22565.35,0.34421,0.43011,0.10230,13.78000,18.64927,3.00849,1053.53,12.150,4.892,3.553,8421.39,2353,-2.28,120538,0,0,Asia,EAP,Northeast Asia,PRK,Low Income,NC
"Korea, Rep.",3.529,0.033,3.652,48379.39,0.24751,0.00675,0.26314,10.00000,0.29534,7.81079,2499.42,15.470,0.136,16.190,8969.54,23349,0.73,99720,0,0,Asia,EAP,Northeast Asia,KOR,High Income OECD,IBRD
Kuwait,2.869,0.022,2.076,2598.06,0.00155,0.00003,0.00115,11.04000,0.26693,6.02985,521.26,44.930,0.323,32.864,42.61,43995,0.04,17818,0,0,Asia,MNA,Middle East,KWT,High Income Non OECD,NC
Kyrgyz Republic,6.084,0.649,6.700,5356.87,0.00885,0.00272,0.01001,0.00000,0.00000,0.00000,,9.820,0.974,10.929,3413.40,1904,-0.32,199951,0,0,Asia,ECA,Western Asia,KGZ,Low Income,IDA
Lao PDR,26.332,4.759,18.031,6145.18,0.19942,0.10408,0.14028,0.00000,0.00000,0.00000,,38.940,6.550,26.953,4247.55,1993,-1.25,236800,0,0,Asia,EAP,Southeast Asia,LAO,Low Income,IDA
Latvia,8.550,0.101,10.655,2245.42,0.00155,0.00005,0.00198,35.37000,1.30056,33.26191,284.29,13.560,0.148,17.085,715.84,14966,1.07,64589,0,0,Europe,ECA,Eastern Europe,LVA,Upper Middle Income,NC
Lebanon,7.182,0.190,6.120,4038.02,0.00456,0.00035,0.00399,19.71000,1.62910,12.66930,313.98,44.930,1.105,38.697,526.56,10519,-0.2,10400,0,0,Asia,MNA,Middle East,LBN,Upper Middle Income,IBRD
Lesotho,45.738,7.024,45.898,1915.47,0.08534,0.03785,0.08798,0.00000,0.00000,0.00000,,63.060,9.015,63.975,1427.79,1478,-0.63,30355,0,0,Africa,SSA,Southern Africa,LSO,Lower Middle Income,IDA
Liberia,23.908,19.287,21.872,3440.37,0.02160,0.05033,0.02030,39.63000,100.00000,27.35991,252.29,54.410,40.858,50.320,1371.33,313,-1.32,111369,0,0,Africa,SSA,Coastal West Africa,LBR,Low Income,IDA
Libya,13.374,0.489,7.977,6187.04,0.00038,0.00004,0.00023,12.57000,1.43850,5.65935,155.10,59.900,2.040,36.122,1389.61,11687,-0.93,1759540,0,0,Africa,MNA,North Africa,LBY,Upper Middle Income,IBRD
Liechtenstein,6.923,0.018,6.717,34.51,0.00013,0.00000,0.00013,0.00000,0.00000,0.00000,,8.320,0.020,8.159,29.57,93552,1.35,160,0,0,Europe,ECA,Western Europe,LIE,High Income Non OECD,NC
Lithuania,4.371,0.048,5.499,3565.21,0.00110,0.00003,0.00142,1.76000,0.06018,1.67252,38.84,13.560,0.138,17.247,1177.94,15932,1.14,65300,0,0,Europe,ECA,Eastern Europe,LTU,Upper Middle Income,NC
Luxembourg,1.422,0.004,1.599,486.01,0.00344,0.00003,0.00398,0.00000,0.00000,0.00000,,8.320,0.022,9.457,85.34,71609,1.71,2586,0,0,Europe,ECA,Western Europe,LUX,High Income OECD,NC
"Macao SAR, China",9.032,0.047,9.101,545.67,8.02595,0.12145,8.30795,20.20000,0.33100,15.35721,34.39,4.990,0.024,5.085,0.00,43528,1,28,0,0,Asia,EAP,China,MAC,High Income Non OECD,NC
"Macedonia, FYR",4.642,0.121,4.837,2061.31,0.04283,0.00322,0.04585,0.00000,0.00000,0.00000,,14.310,0.347,15.075,682.30,8363,0.21,25713,0,0,Europe,ECA,Eastern Europe,MKD,Upper Middle Income,IBRD
Madagascar,34.699,6.763,43.702,20042.55,4.86079,2.73610,6.28920,5.79000,3.53049,5.50407,483.36,43.590,7.909,55.507,14125.99,884,-0.33,587041,1,0,Africa,SSA,East Africa,MDG,Low Income,IDA
Malawi,46.885,11.442,60.227,14623.68,5.98311,4.21677,7.89559,0.00000,0.00000,0.00000,,52.080,11.831,67.633,11874.43,689,-0.39,118484,0,0,Africa,SSA,East Africa,MWI,Low Income,IDA
Malaysia,12.996,0.238,12.819,27357.76,0.60935,0.03220,0.61744,19.20000,1.09877,14.29184,2386.12,37.440,0.638,37.331,8108.84,12745,0.27,329847,0,0,Asia,EAP,Southeast Asia,MYS,Upper Middle Income,IBRD
Maldives,25.382,1.829,24.172,385.92,0.06471,0.01347,0.06331,41.83000,9.42713,30.06189,49.25,33.360,2.238,32.119,239.81,3363,-0.42,298,1,1,Oceania,SAS,Indian Ocean Islands,MDV,Lower Middle Income,IDA
Mali,39.114,6.661,47.679,13100.81,0.09784,0.04811,0.12252,0.00000,0.00000,0.00000,,59.230,9.390,72.998,8884.97,1053,-0.33,1240192,0,0,Africa,SSA,Sahelian Africa,MLI,Low Income,IDA
Malta,0.710,0.006,0.846,403.53,0.00462,0.00011,0.00566,8.81000,0.22824,7.92394,11.38,8.320,0.064,10.027,23.16,22430,1.17,316,1,1,Europe,MNA,Western Europe,MLT,High Income Non OECD,NC
Marshall Islands,17.269,2.144,16.028,63.17,0.31402,0.11257,0.29941,50.89000,19.75818,35.64209,9.70,33.360,3.855,31.303,18.27,2010,-0.68,181,1,1,Oceania,EAP,Pacific Islands,MHL,Lower Middle Income,IBRD
Martinique,24.991,0.453,31.610,402.78,0.03066,0.00161,0.03984,5.69000,0.32266,5.42934,7.76,65.390,1.104,83.615,157.63,9518,0.85,1146,1,1,Latin America & Caribbean,LCR,Caribbean Islands,MTQ,Upper Middle Income,NC
Mauritania,33.806,4.372,33.339,3054.93,0.35561,0.13281,0.36027,23.28000,9.41466,17.32172,127.96,56.740,6.830,56.567,1802.41,1793,-0.59,1030700,0,0,Africa,SSA,Sahelian Africa,MRT,Low Income,IDA
Mauritius,18.953,0.293,24.046,1274.19,0.00533,0.00024,0.00695,9.75000,0.47177,9.33196,41.76,33.360,0.481,42.789,732.91,11119,0.95,2040,1,1,Oceania,SSA,Indian Ocean Islands,MUS,Upper Middle Income,IBRD
Mayotte,19.490,0.801,19.667,216.31,0.04399,0.00522,0.04561,7.97000,1.02494,6.07041,5.61,33.360,1.277,34.033,128.48,5505,-0.07,374,1,1,Oceania,SSA,Indian Ocean Islands,MYT,Upper Middle Income,NC
Mexico,15.253,0.271,16.207,109955.40,2.21873,0.11383,2.42186,4.63000,0.25747,3.71544,1331.45,58.900,0.974,63.271,25069.84,11997,0.45,1964375,0,0,Latin America & Caribbean,LCR,Central America,MEX,Upper Middle Income,IBRD
"Micronesia, Fed. Sts.",25.712,3.738,25.520,107.67,0.61404,0.25780,0.62611,1.66000,0.75581,1.24501,1.09,33.360,4.515,33.475,83.40,1582,-0.63,702,1,1,Oceania,EAP,Pacific Islands,FSM,Lower Middle Income,IBRD
Moldova,7.715,0.616,8.475,4324.45,0.04568,0.01053,0.05154,0.00000,0.00000,0.00000,,13.560,1.007,15.059,2518.56,2555,-0.2,33851,0,0,Europe,ECA,Eastern Europe,MDA,Lower Middle Income,IDA
Monaco,13.802,0.025,12.766,30.73,0.00010,0.00000,0.00010,68.60000,0.38830,47.87688,6.37,8.320,0.014,7.779,0.00,140215,1.44,2,0,0,Europe,ECA,Western Europe,MCO,High Income Non OECD,NC
Mongolia,5.188,0.392,5.360,2996.08,0.14053,0.03063,0.14916,0.00000,0.00000,0.00000,,12.150,0.853,12.687,1282.92,2909,-0.29,1564116,0,0,Asia,EAP,Northeast Asia,MNG,Lower Middle Income,IDA
Montserrat,24.918,1.110,34.630,5.08,0.01724,0.00222,0.02461,3.67000,0.51124,3.84756,0.07,65.390,2.712,91.875,1.99,3448,0.58,102,1,1,Latin America & Caribbean,LCR,Caribbean Islands,MSR,Lower Middle Income,NC
Morocco,28.085,1.487,30.597,31401.09,0.00860,0.00132,0.00963,9.70000,1.60691,7.97723,1190.18,64.890,3.198,71.470,13810.20,3893,-0.03,712550,0,0,Africa,MNA,North Africa,MAR,Lower Middle Income,IBRD
Mozambique,25.630,6.217,31.408,21284.70,3.04356,2.13221,3.83143,12.26000,9.30139,11.33612,938.07,36.110,8.153,44.729,13443.42,734,-0.47,799380,0,0,Africa,SSA,Southern Africa,MOZ,Low Income,IDA
Myanmar,47.307,39.911,16.725,52228.15,3.00771,7.32841,1.09241,20.80000,54.88491,5.54900,4047.39,65.390,51.355,23.372,35212.21,945,-2.24,676578,0,0,Asia,EAP,Southeast Asia,MMR,Low Income,IDA
Namibia,48.436,1.937,53.613,2088.67,0.52964,0.06118,0.60225,3.73000,0.46710,3.11880,28.64,78.040,2.905,87.323,1319.20,5059,0.13,824292,0,0,Africa,SSA,Southern Africa,NAM,Upper Middle Income,IBRD
Nauru,19.127,3.026,16.204,9.16,0.15221,0.06954,0.13247,33.90000,16.77419,21.67173,0.96,33.360,4.913,28.573,4.39,1760,-0.91,21,1,1,Oceania,EAP,Pacific Islands,NRU,Low Income,NC
Nepal,24.422,4.988,25.777,28196.96,1.32175,0.77959,1.43318,0.00000,0.00000,0.00000,,28.790,5.472,30.715,23335.80,1044,-0.66,147181,0,0,Asia,SAS,Southern Asia,NPL,Low Income,IDA
Netherlands,3.028,0.014,3.883,16645.31,0.00103,0.00001,0.00136,17.92000,0.26266,17.33608,928.29,11.650,0.051,15.098,3026.12,36370,1.75,41543,0,0,Europe,ECA,Western Europe,NLD,High Income OECD,NC
Netherlands Antilles,5.296,0.109,6.891,225.37,0.03231,0.00191,0.04319,14.36000,0.92087,14.09968,9.95,65.390,1.248,86.016,16.50,8132,0.85,800,1,1,Latin America & Caribbean,LCR,Caribbean Islands,ANT,High Income Non OECD,NC
New Caledonia,13.911,0.161,10.546,244.45,0.00803,0.00027,0.00625,28.13000,1.02048,16.09291,22.29,33.360,0.360,25.568,86.09,27678,-0.06,18575,1,1,Oceania,EAP,Pacific Islands,NCL,High Income Non OECD,NC
New Zealand,0.259,0.002,0.351,4173.46,0.08946,0.00159,0.12425,13.25000,0.25507,13.51925,210.90,-3.660,-0.021,-5.003,560.91,25958,1.72,267710,1,0,Oceania,EAP,AustraliaNZ,NZL,High Income OECD,NC
Nicaragua,19.761,1.562,19.843,5785.85,3.27395,0.74744,3.37735,2.42000,0.59949,1.83727,28.78,39.430,2.902,40.032,2502.96,2874,-0.36,130370,0,0,Latin America & Caribbean,LCR,Central America,NIC,Lower Middle Income,IDA
Niger,46.628,13.187,57.603,14752.08,0.65374,0.53396,0.82965,0.00000,0.00000,0.00000,,56.740,14.937,70.860,12312.09,623,-0.52,1267000,0,0,Africa,SSA,Sahelian Africa,NER,Low Income,IDA
Nigeria,15.636,2.212,15.484,146255.31,0.02169,0.00886,0.02207,7.65000,3.38216,5.71292,3470.25,30.780,4.053,30.817,75526.24,1631,-0.62,923768,0,0,Africa,SSA,Coastal West Africa,NGA,Lower Middle Income,IDA
Niue,16.724,0.711,13.767,1.32,0.01126,0.00138,0.00953,18.95000,2.52179,11.77293,0.08,33.360,1.321,27.762,0.63,6804,-0.46,260,1,1,Oceania,EAP,Pacific Islands,NIU,Upper Middle Income,NC
Norfolk Island,17.414,0.445,12.747,2.13,0.00847,0.00063,0.00637,24.92000,1.99374,13.76488,0.16,33.360,0.794,24.688,1.02,13062,-0.46,36,1,1,Oceania,EAP,Pacific Islands,NFK,High Income Non OECD,NC
Northern Mariana Islands,3.755,0.074,3.233,55.24,0.01849,0.00105,0.01636,16.00000,0.98500,10.39592,3.03,33.360,0.611,29.042,4.92,13957,-0.05,464,1,1,Oceania,EAP,Pacific Islands,MNP,High Income Non OECD,NC
Norway,-3.715,-0.016,-4.035,4644.46,0.00220,0.00003,0.00245,8.48000,0.11176,6.94748,141.06,-18.140,-0.071,-19.917,1045.93,49429,1.34,323802,0,0,Europe,ECA,Western Europe,NOR,High Income OECD,NC
Oman,13.669,0.141,13.987,2853.88,0.00174,0.00005,0.00183,14.94000,0.48207,11.53299,252.51,44.930,0.432,46.474,809.93,21650,0.65,309500,0,0,Asia,MNA,Middle East,OMN,High Income Non OECD,NC
Pakistan,32.396,3.157,32.149,178479.39,1.05229,0.29614,1.07280,1.55000,0.47203,1.15978,1191.66,50.580,4.588,50.747,113941.24,2364,-0.47,796095,0,0,Asia,SAS,Western Asia,PAK,Lower Middle Income,Blend
Palau,6.761,0.299,5.616,20.70,0.03730,0.00476,0.03183,10.65000,1.47324,6.67510,0.79,33.360,1.373,28.013,4.04,6473,-0.46,459,1,1,Oceania,EAP,Pacific Islands,PLW,Upper Middle Income,IBRD
Panama,11.126,0.229,13.213,3309.68,0.47892,0.02842,0.58428,8.79000,0.56520,7.88087,153.44,39.430,0.754,47.344,886.99,9062,0.63,75420,0,0,Latin America & Caribbean,LCR,Central America,PAN,Upper Middle Income,IBRD
Papua New Guinea,33.531,4.122,32.827,5816.23,0.42585,0.15119,0.42829,3.38000,1.30035,2.49841,77.44,38.940,4.456,38.535,5086.88,1903,-0.59,462840,1,0,Asia,EAP,Southeast Asia,PNG,Lower Middle Income,Blend
Paraguay,27.820,1.786,24.830,6203.20,0.23843,0.04421,0.21862,0.00000,0.00000,0.00000,,71.550,4.276,64.557,2462.67,4083,-0.49,406752,0,0,Latin America & Caribbean,LCR,Southern South America,PRY,Lower Middle Income,IBRD
Peru,14.987,0.424,16.849,29180.90,0.85881,0.07015,0.99186,1.77000,0.15695,1.50504,162.34,50.920,1.341,57.867,8345.74,7028,0.33,1285216,0,0,Latin America & Caribbean,LCR,Andean South America,PER,Upper Middle Income,IBRD
Philippines,30.355,1.876,33.950,96061.68,16.54326,2.95278,19.00803,16.47000,3.18406,13.90183,6131.23,38.940,2.240,44.024,33698.44,3229,-0.05,300000,1,0,Asia,EAP,Southeast Asia,PHL,Lower Middle Income,IBRD
Pitcairn,20.758,0.531,15.195,0.05,0.00216,0.00016,0.00162,41.50000,3.32003,22.92169,0.01,33.360,0.794,24.688,0.02,13062,-0.46,47,1,1,Oceania,EAP,Pacific Islands,PCN,High Income Non OECD,NC
Poland,2.950,0.039,3.366,38500.70,0.00677,0.00026,0.00794,0.87000,0.03632,0.74714,227.44,7.820,0.097,9.022,14892.07,14618,0.77,312685,0,0,Europe,ECA,Eastern Europe,POL,Upper Middle Income,IBRD
Portugal,6.417,0.057,7.640,10676.91,0.00410,0.00010,0.00501,5.65000,0.15673,5.07525,239.64,15.970,0.132,19.228,4328.42,20975,1.12,92090,0,0,Europe,ECA,Western Europe,PRT,High Income OECD,NC
Puerto Rico,3.500,0.029,3.933,3954.55,0.08511,0.00201,0.09824,29.86000,0.76554,25.31623,320.49,65.390,0.499,74.282,66.44,24353,1.02,13790,1,1,Latin America & Caribbean,LCR,Caribbean Islands,PRI,High Income Non OECD,NC
Qatar,3.989,0.016,3.274,824.79,0.00085,0.00001,0.00071,24.44000,0.29843,15.13693,72.48,44.930,0.163,37.275,35.96,74939,0.66,11586,0,0,Asia,MNA,Middle East,QAT,High Income Non OECD,NC
Reunion,20.272,0.395,28.690,815.38,0.06641,0.00374,0.09655,17.46000,1.06363,18.64688,46.24,33.360,0.605,47.730,484.32,7735,1.1,2548,1,1,Oceania,SSA,Indian Ocean Islands,REU,Upper Middle Income,NC
Romania,4.884,0.092,5.466,22060.81,0.00045,0.00002,0.00052,0.60000,0.03539,0.50507,93.26,10.980,0.193,12.425,10095.03,10576,0.53,238391,0,0,Europe,ECA,Eastern Europe,ROM,Upper Middle Income,IBRD
Russian Federation,3.440,0.090,2.399,140702.09,0.05105,0.00386,0.03659,1.33000,0.10888,0.69987,1120.10,12.810,0.312,9.036,38214.69,13524,-0.56,17100000,0,0,Europe,ECA,Eastern Europe,RUS,Upper Middle Income,IBRD
Rwanda,52.319,12.819,63.402,10440.77,0.06042,0.04276,0.07522,0.00000,0.00000,0.00000,,65.890,15.029,80.723,8525.93,736,-0.49,26338,0,0,Africa,SSA,Central Africa,RWA,Low Income,IDA
Saint Barthelemy,25.391,0.428,28.198,7.49,0.00826,0.00040,0.00942,13.17000,0.69430,11.03490,0.31,65.390,1.026,73.418,2.93,11985,0.58,21,1,1,Latin America & Caribbean,LCR,Caribbean Islands,BLM,High Income Non OECD,NC
Saint Martin,25.288,0.271,25.298,29.38,0.00902,0.00028,0.00927,11.79000,0.39516,8.89776,1.09,65.390,0.652,66.132,11.50,21419,0.58,54,1,1,Latin America & Caribbean,LCR,Caribbean Islands,MAF,High Income Non OECD,NC
Samoa,26.445,2.719,26.686,189.50,0.11346,0.03369,0.11761,20.89000,6.71936,15.91017,12.94,33.360,3.193,34.034,145.92,2195,-0.46,2831,1,1,Oceania,EAP,Pacific Islands,WSM,Lower Middle Income,IDA
San Marino,0.467,0.002,0.541,30.75,0.00033,0.00000,0.00039,0.00000,0.00000,0.00000,,8.320,0.037,9.732,1.78,40390,1.44,61,0,0,Europe,ECA,Western Europe,SMR,High Income Non OECD,NC
Sao Tome and Principe,21.062,2.823,19.355,168.41,0.01116,0.00432,0.01053,4.70000,1.96863,3.25670,7.70,54.410,6.788,50.549,66.42,1884,-0.72,964,1,1,Africa,SSA,Atlantic Islands,STP,Lower Middle Income,IDA
Saudi Arabia,6.748,0.084,5.811,24917.41,0.00063,0.00002,0.00056,10.16000,0.39535,6.60290,1327.26,36.440,0.422,31.724,4380.48,22112,0.17,2149690,0,0,Asia,MNA,Middle East,SAU,High Income Non OECD,NC
Senegal,48.894,5.757,56.005,11698.34,0.08211,0.02792,0.09662,11.89000,4.37921,10.27740,491.52,86.360,9.466,100.000,6740.59,1643,-0.29,196722,0,0,Africa,SSA,Coastal West Africa,SEN,Low Income,IDA
Serbia and Montenegro,6.815,0.219,6.050,9887.04,0.15363,0.01423,0.14012,0.00000,0.00000,0.00000,7.32,14.310,0.427,12.843,4741.83,8243,-0.21,91286,0,0,Europe,ECA,Eastern Europe,SCG,Upper Middle Income,IBRD
Seychelles,14.992,0.569,10.770,86.60,0.11039,0.01211,0.08146,4.86000,0.57752,2.63548,1.66,33.360,1.179,24.227,39.54,8990,-0.65,455,1,1,Oceania,SSA,Indian Ocean Islands,SYC,Upper Middle Income,IBRD
Sierra Leone,33.156,11.310,34.688,5023.00,0.01884,0.01856,0.02025,9.48000,10.11257,7.48286,134.65,54.410,17.277,57.546,3126.31,631,-0.86,71740,0,0,Africa,SSA,Coastal West Africa,SLE,Low Income,IDA
Singapore,0.568,0.002,0.729,4608.17,0.00204,0.00002,0.00270,13.62000,0.15895,13.20585,196.98,38.940,0.135,50.562,0.00,45626,1.92,697,1,1,Asia,EAP,Southeast Asia,SGP,High Income Non OECD,NC
Slovak Republic,3.517,0.036,4.368,5455.41,0.00698,0.00021,0.00890,0.00000,0.00000,0.00000,,8.320,0.080,10.446,2369.83,17064,1.14,49035,0,0,Europe,ECA,Eastern Europe,SVK,High Income OECD,NC
Slovenia,7.146,0.062,7.505,2007.71,0.00264,0.00007,0.00285,0.00000,0.00000,0.00000,12.68,14.310,0.115,15.193,1031.96,24984,0.81,20273,0,0,Europe,ECA,Eastern Europe,SVN,High Income Non OECD,NC
Solomon Islands,27.493,5.549,18.360,533.78,0.04134,0.02409,0.02836,16.67000,10.52521,8.40253,28.67,33.360,6.268,22.523,437.91,1839,-1.31,28896,1,0,Oceania,EAP,Pacific Islands,SLB,Lower Middle Income,IDA
Somalia,25.711,100.000,5.043,9558.67,8.90283,100.00000,1.79397,2.94000,35.82529,0.43590,115.85,27.620,100.000,5.477,6067.84,416,-2.77,637657,0,0,Africa,SSA,East Africa,SOM,Low Income,IDA
South Africa,21.416,0.426,25.306,48782.76,0.20592,0.01183,0.24996,3.20000,0.19887,2.84919,393.47,55.570,1.029,66.385,19152.11,9416,0.63,1219090,0,0,Africa,SSA,Southern Africa,ZAF,Upper Middle Income,IBRD
Spain,3.464,0.023,4.085,45910.36,0.00730,0.00014,0.00885,5.68000,0.11870,5.05230,1381.17,14.810,0.092,17.654,10504.29,28191,1.27,505370,0,0,Europe,ECA,Western Europe,ESP,High Income OECD,NC
Sri Lanka,32.655,1.927,32.082,21128.77,4.61972,0.78733,4.66259,13.46000,2.48523,9.98212,953.02,33.440,1.837,33.217,17938.33,3956,-0.28,65610,1,0,Asia,SAS,Southern Asia,LKA,Lower Middle Income,IDA
St. Helena,11.179,0.386,20.442,7.60,0.02852,0.00284,0.05357,12.28000,1.32500,16.94033,0.30,33.360,1.072,61.674,2.51,3197,1.44,308,1,1,Oceania,ECA,Atlantic Islands,SHN,Lower Middle Income,NC
St. Kitts and Nevis,43.446,1.614,55.992,49.06,0.10761,0.01155,0.14247,10.77000,1.25198,10.47757,1.67,65.390,2.262,85.197,33.21,4532,0.5,261,1,1,Latin America & Caribbean,LCR,Caribbean Islands,KNA,Upper Middle Income,IBRD
St. Lucia,45.923,2.828,63.500,159.59,0.07670,0.01364,0.10896,2.10000,0.40373,2.18738,1.40,65.390,3.748,91.411,115.16,2508,0.4,616,1,1,Latin America & Caribbean,LCR,Caribbean Islands,LCA,Upper Middle Income,Blend
St. Pierre and Miquelon,12.307,0.205,19.919,6.05,0.09913,0.00476,0.16482,61.46000,3.19821,75.06061,1.14,5.490,0.085,8.984,1.14,7701,1.57,242,1,1,North America,NAM,North America,SPM,Upper Middle Income,NC
St. Vincent and the Grenadines,34.114,2.248,47.917,104.94,0.16770,0.03192,0.24199,10.06000,2.07408,10.66505,3.39,65.390,4.012,92.855,55.58,2298,0.4,389,1,1,Latin America & Caribbean,LCR,Caribbean Islands,VCT,Upper Middle Income,Blend
Sudan,57.531,12.058,37.238,41680.79,6.43651,3.89615,4.27990,0.46000,0.29866,0.22252,88.63,93.340,18.212,61.080,23574.65,1838,-1.36,2505813,0,0,Africa,SSA,East Africa,SDN,Lower Middle Income,IDA
Suriname,16.460,0.689,11.962,476.00,0.06076,0.00734,0.04536,52.45000,6.86695,28.76317,56.11,42.680,1.663,31.355,119.38,8041,-0.67,163820,0,0,Latin America & Caribbean,LCR,Northern South America,SUR,Upper Middle Income,IBRD
Svalbard and Jan Mayen,13.865,0.057,15.488,2.16,0.00262,0.00003,0.00301,31.64000,0.40346,26.66919,0.22,33.360,0.127,37.675,0.71,49416,1.44,62422,1,0,Oceania,ECA,Atlantic Islands,SJM,High Income Non OECD,NC
Swaziland,46.052,2.622,38.115,1319.10,0.08083,0.01329,0.06873,0.00000,0.00000,0.00000,,63.060,3.343,52.764,990.12,5045,-0.57,17364,0,0,Africa,SSA,Southern Africa,SWZ,Lower Middle Income,IBRD
Sweden,-2.530,-0.013,-3.237,9045.39,0.00068,0.00001,0.00090,6.66000,0.10618,6.42449,269.38,-18.140,-0.086,-23.455,1398.42,33504,1.68,450295,0,0,Europe,ECA,Western Europe,SWE,High Income OECD,NC
Switzerland,2.146,0.010,2.678,7581.52,0.00331,0.00005,0.00424,0.00000,0.00000,0.00000,,8.320,0.037,10.496,2010.62,36961,1.66,41277,0,0,Europe,ECA,Western Europe,CHE,High Income OECD,NC
Syrian Arab Republic,19.982,1.914,12.494,21324.86,0.00651,0.00180,0.00418,0.00000,0.00000,0.00000,60.75,44.930,4.005,28.398,9762.52,4204,-1.17,185180,0,0,Asia,MNA,Middle East,SYR,Lower Middle Income,IBRD
Taiwan (China),5.566,0.036,6.047,22920.95,0.10499,0.00197,0.11717,20.09000,0.40733,16.46850,1833.13,12.150,0.073,13.340,7584.92,32100,1.07,35980,1,0,Asia,EAP,Northeast Asia,TWN,High Income Non OECD,NC
Tajikistan,7.777,1.370,6.455,7211.88,0.78748,0.40057,0.67143,0.00000,0.00000,0.00000,,9.820,1.610,8.237,5303.62,1620,-0.97,143100,0,0,Asia,ECA,Western Asia,TJK,Low Income,IDA
Tanzania,30.918,5.674,37.109,40213.16,1.80821,0.95826,2.22951,2.52000,1.44479,2.27990,553.82,40.270,6.878,48.858,29950.76,995,-0.39,947300,0,0,Africa,SSA,East Africa,TZA,Low Income,IDA
Thailand,32.589,0.862,34.876,66187.27,3.96066,0.30261,4.35430,12.58000,1.04098,10.15911,2758.54,43.590,1.074,47.164,44133.67,7977,0.26,513120,0,0,Asia,EAP,Southeast Asia,THA,Lower Middle Income,IBRD
Timor-Leste,23.668,4.450,14.479,1108.78,0.09389,0.05098,0.05900,2.29000,1.34463,1.05552,10.01,33.360,5.839,20.632,806.08,2195,-1.4,14874,1,0,Oceania,EAP,Pacific Islands,TMP,Lower Middle Income,IDA
Togo,31.302,10.207,28.325,6220.35,0.04246,0.03998,0.03947,17.17000,17.51575,11.72730,227.54,54.410,16.515,49.773,3607.80,787,-1.05,56785,0,0,Africa,SSA,Coastal West Africa,TGO,Low Income,IDA
Tokelau,18.076,2.933,20.265,1.47,0.03923,0.01838,0.04518,28.96000,14.69553,24.50043,0.13,33.360,5.038,37.811,0.70,1223,-0.46,12,1,1,Oceania,EAP,Pacific Islands,TKL,Low Income,NC
Tonga,27.366,3.388,24.328,119.01,0.13249,0.04737,0.12099,31.04000,12.02115,20.82573,11.31,33.360,3.845,29.982,89.52,2124,-0.75,747,1,1,Oceania,EAP,Pacific Islands,TON,Lower Middle Income,IDA
Trinidad and Tobago,55.920,0.702,59.065,1231.32,0.00915,0.00033,0.00993,15.98000,0.62710,12.73729,63.08,65.390,0.764,69.825,1068.54,17127,0.62,5128,1,1,Latin America & Caribbean,LCR,Caribbean Islands,TTO,High Income Non OECD,IBRD
Tunisia,20.181,0.631,20.863,10383.58,0.00089,0.00008,0.00095,13.77000,1.34669,10.73938,536.07,59.900,1.744,62.603,3478.50,7032,0.11,163610,0,0,Africa,MNA,North Africa,TUN,Lower Middle Income,IBRD
Turkey,8.322,0.220,8.724,75793.84,0.01249,0.00095,0.01345,5.08000,0.42003,4.01576,1691.31,26.960,0.664,28.566,23738.63,8179,0.22,783562,0,0,Asia,ECA,Middle East,TUR,Upper Middle Income,IBRD
Turkmenistan,4.901,1.608,1.841,4829.33,0.00253,0.00240,0.00098,0.00000,0.00000,0.00000,,9.820,2.999,3.727,2481.31,2265,-2.03,488100,0,0,Asia,ECA,Western Asia,TKM,Lower Middle Income,IBRD
Turks and Caicos Islands,36.051,0.590,39.762,22.35,0.01197,0.00057,0.01356,61.60000,3.15246,51.26999,4.18,65.390,0.996,72.912,8.75,12454,0.58,948,1,1,Latin America & Caribbean,LCR,Caribbean Islands,TCA,High Income Non OECD,NC
Tuvalu,31.636,4.708,22.121,10.34,0.12035,0.05173,0.08645,73.92000,34.40878,39.00247,2.30,33.360,4.622,23.583,4.96,2360,-1.16,26,1,1,Oceania,EAP,Pacific Islands,TUV,Lower Middle Income,NC
Uganda,27.688,4.754,38.768,31367.97,4.18259,2.07392,6.01612,0.00000,0.00000,0.00000,,27.950,4.468,39.567,27296.41,883,-0.08,241038,0,0,Africa,SSA,East Africa,UGA,Low Income,IDA
Ukraine,2.734,0.116,2.345,45994.29,0.01832,0.00224,0.01614,2.41000,0.31982,1.56253,498.36,8.650,0.341,7.503,14727.37,6501,-0.39,603550,0,0,Europe,ECA,Eastern Europe,UKR,Lower Middle Income,IBRD
United Arab Emirates,10.596,0.078,9.733,4621.40,0.00106,0.00002,0.00100,13.26000,0.30459,9.19295,338.20,44.930,0.307,41.718,1022.25,34704,0.58,83600,0,0,Asia,MNA,Middle East,ARE,High Income Non OECD,NC
United Kingdom,1.260,0.006,1.662,61642.60,0.02117,0.00031,0.02868,13.94000,0.21841,13.87730,2756.97,6.490,0.030,8.653,6201.25,32880,1.79,243610,0,0,Europe,ECA,Western Europe,GBR,High Income OECD,NC
United States,4.027,0.017,4.789,304374.84,2.70263,0.03391,3.30191,3.78000,0.05142,3.39522,5879.21,7.490,0.030,9.002,55700.61,42979,1.58,9826675,0,0,North America,NAM,North America,USA,High Income OECD,NC
Uruguay,3.264,0.077,3.121,3477.78,0.19554,0.01324,0.19205,3.81000,0.27909,2.74589,35.83,40.600,0.886,39.239,267.79,10321,0.08,176215,0,0,Latin America & Caribbean,LCR,Southern South America,URY,Upper Middle Income,IBRD
Uzbekistan,12.358,2.350,7.521,27345.03,0.00337,0.00185,0.00211,0.00000,0.00000,0.00000,,20.130,3.563,12.387,17276.59,2184,-1.41,447400,0,0,Asia,ECA,Western Asia,UZB,Low Income,Blend
Vanuatu,24.785,3.592,22.646,215.45,0.37222,0.15579,0.34939,3.67000,1.66268,2.52905,2.66,33.360,4.501,30.816,162.10,1754,-0.76,12189,1,1,Oceania,EAP,Pacific Islands,VUT,Lower Middle Income,IDA
"Venezuela, RB",3.604,0.206,1.616,26414.82,0.13212,0.02179,0.06086,3.74000,0.66754,1.26481,229.73,53.080,2.821,24.062,1764.51,10559,-1.44,912050,0,0,Latin America & Caribbean,LCR,Northern South America,VEN,Upper Middle Income,IBRD
Vietnam,36.566,3.692,35.407,87558.36,15.25752,4.44951,15.17742,37.18000,11.74374,27.16925,10031.78,25.120,2.362,24.595,63182.11,2349,-0.53,331210,0,0,Asia,EAP,Southeast Asia,VNM,Low Income,Blend
Virgin Islands (U.S.),7.514,0.096,7.917,109.83,0.02288,0.00084,0.02476,36.32000,1.44861,28.87319,13.16,65.390,0.776,69.651,5.65,16899,0.61,1910,1,1,Latin America & Caribbean,LCR,Caribbean Islands,VIR,High Income Non OECD,NC
Wallis and Futuna,22.691,1.369,20.246,15.24,0.03767,0.00656,0.03453,49.20000,9.28242,33.12718,2.27,33.360,1.873,30.092,7.30,4349,-0.46,142,1,1,Oceania,EAP,Pacific Islands,WLF,Lower Middle Income,NC
West Bank and Gaza,13.298,2.001,9.585,3907.88,0.01779,0.00773,0.01318,17.44000,8.21015,9.48578,235.13,44.930,6.294,32.736,1098.11,2250,-1.12,6220,0,0,Asia,MNA,Middle East,WBG,Lower Middle Income,NC
"Yemen, Rep.",31.652,3.620,28.382,22222.85,0.02206,0.00729,0.02032,1.83000,0.65484,1.23882,262.77,46.920,4.995,42.535,15413.77,2276,-0.7,527968,0,0,Asia,MNA,Middle East,YEM,Low Income,IDA
Zambia,42.174,6.204,49.706,12694.23,0.86975,0.36951,1.05307,0.00000,0.00000,0.00000,,65.890,9.023,78.508,8197.93,1270,-0.33,752618,0,0,Africa,SSA,Central Africa,ZMB,Low Income,IDA
Zimbabwe,38.495,20.339,13.382,11350.11,0.11957,0.18246,0.04270,0.00000,0.00000,0.00000,,63.060,31.016,22.161,7111.98,1542,-2.18,390757,0,0,Africa,SSA,Southern Africa,ZWE,Low Income,Blend
